<?xml version="1.0" encoding="UTF-8"?>
<TLote_GNRE xmlns="http://www.gnre.pe.gov.br">
 <guias>
  <TDadosGNRE>
   <c01_UfFavorecida>MT</c01_UfFavorecida>
   <c02_receita>100099</c02_receita>
   <c25_detalhamentoReceita>000022</c25_detalhamentoReceita>
   <c27_tipoIdentificacaoEmitente>1</c27_tipoIdentificacaoEmitente>
   <c03_idContribuinteEmitente>
    <CNPJ>60659463000191</CNPJ>
   </c03_idContribuinteEmitente>
   <c28_tipoDocOrigem>10</c28_tipoDocOrigem>
   <c04_docOrigem>000070265100</c04_docOrigem>
   <c06_valorPrincipal>635.31</c06_valorPrincipal>
   <c14_dataVencimento>2013-08-02</c14_dataVencimento>
   <c16_razaoSocialEmitente>Ache Lab Farmaceuticos S.A.</c16_razaoSocialEmitente>
   <c17_inscricaoEstadualEmitente>336059160110</c17_inscricaoEstadualEmitente>
   <c18_enderecoEmitente>Rod Presidente Dutra,S/N,Porto da Igreja,Guarulhos,SP</c18_enderecoEmitente>
   <c19_municipioEmitente>18800</c19_municipioEmitente>
   <c20_ufEnderecoEmitente>SP</c20_ufEnderecoEmitente>
   <c21_cepEmitente>07034904</c21_cepEmitente>
   <c34_tipoIdentificacaoDestinatario>1</c34_tipoIdentificacaoDestinatario>
   <c35_idContribuinteDestinatario>
    <CNPJ>61585865000151</CNPJ>
   </c35_idContribuinteDestinatario>
   <c36_inscricaoEstadualDestinatario>100931575117</c36_inscricaoEstadualDestinatario>
   <c37_razaoSocialDestinatario>DROGASIL S/A</c37_razaoSocialDestinatario>
   <c38_municipioDestinatario>50308</c38_municipioDestinatario>
   <c33_dataPagamento>20130802</c33_dataPagamento>
   <c05_referencia>
    <mes>01</mes>
    <ano>2009</ano>
   </c05_referencia>
   <c39_camposExtras>
    <campoExtra>
     <codigo>17</codigo>
     <tipo>T</tipo>
     <valor>35090160659463000191551000000702650771236730</valor>
    </campoExtra>
   </c39_camposExtras>
   <c42_identificadorGuia>4109430694</c42_identificadorGuia>
  </TDadosGNRE>
 </guias>
</TLote_GNRE>

