<?xml version="1.0" encoding="UTF-8"?>
<TLote_GNRE xmlns="http://www.gnre.pe.gov.br">
 <guias>
  <TDadosGNRE>
   <c01_UfFavorecida>MT</c01_UfFavorecida>
   <c02_receita>100099</c02_receita>
   <c25_detalhamentoReceita>000022</c25_detalhamentoReceita>
   <c27_tipoIdentificacaoEmitente>1</c27_tipoIdentificacaoEmitente>
   <c03_idContribuinteEmitente>
    <CNPJ>60659463000191</CNPJ>
   </c03_idContribuinteEmitente>
   <c28_tipoDocOrigem>10</c28_tipoDocOrigem>
   <c04_docOrigem>000664478100</c04_docOrigem>
   <c06_valorPrincipal>1017.87</c06_valorPrincipal>
   <c14_dataVencimento>2013-10-02</c14_dataVencimento>
   <c16_razaoSocialEmitente>Ache Lab Farmaceuticos S.A.</c16_razaoSocialEmitente>
   <c18_enderecoEmitente>Rod Presidente Dutra,S/N,Porto da Igreja,Guarulhos,SP</c18_enderecoEmitente>
   <c19_municipioEmitente>18800</c19_municipioEmitente>
   <c20_ufEnderecoEmitente>SP</c20_ufEnderecoEmitente>
   <c21_cepEmitente>07034904</c21_cepEmitente>
   <c34_tipoIdentificacaoDestinatario>1</c34_tipoIdentificacaoDestinatario>
   <c35_idContribuinteDestinatario>
    <CNPJ>01206820001683</CNPJ>
   </c35_idContribuinteDestinatario>
   <c36_inscricaoEstadualDestinatario>00132070685</c36_inscricaoEstadualDestinatario>
   <c37_razaoSocialDestinatario>DISTR FARM PANARELLO LTDA</c37_razaoSocialDestinatario>
   <c38_municipioDestinatario>03403</c38_municipioDestinatario>
   <c33_dataPagamento>2013-10-02</c33_dataPagamento>
   <c05_referencia>
    <mes>08</mes>
    <ano>2013</ano>
   </c05_referencia>
   <c39_camposExtras>
    <campoExtra>
     <codigo>17</codigo>
     <tipo>T</tipo>
     <valor>35130860659463000191551000006644781918924690</valor>
    </campoExtra>
   </c39_camposExtras>
   <c42_identificadorGuia>1310135555</c42_identificadorGuia>
  </TDadosGNRE>
  <TDadosGNRE>
   <c01_UfFavorecida>MT</c01_UfFavorecida>
   <c02_receita>100099</c02_receita>
   <c25_detalhamentoReceita>000022</c25_detalhamentoReceita>
   <c27_tipoIdentificacaoEmitente>1</c27_tipoIdentificacaoEmitente>
   <c03_idContribuinteEmitente>
    <CNPJ>60659463000191</CNPJ>
   </c03_idContribuinteEmitente>
   <c28_tipoDocOrigem>10</c28_tipoDocOrigem>
   <c04_docOrigem>000664479100</c04_docOrigem>
   <c06_valorPrincipal>300.54</c06_valorPrincipal>
   <c14_dataVencimento>2013-10-02</c14_dataVencimento>
   <c16_razaoSocialEmitente>Ache Lab Farmaceuticos S.A.</c16_razaoSocialEmitente>
   <c18_enderecoEmitente>Rod Presidente Dutra,S/N,Porto da Igreja,Guarulhos,SP</c18_enderecoEmitente>
   <c19_municipioEmitente>18800</c19_municipioEmitente>
   <c20_ufEnderecoEmitente>SP</c20_ufEnderecoEmitente>
   <c21_cepEmitente>07034904</c21_cepEmitente>
   <c34_tipoIdentificacaoDestinatario>1</c34_tipoIdentificacaoDestinatario>
   <c35_idContribuinteDestinatario>
    <CNPJ>01206820001683</CNPJ>
   </c35_idContribuinteDestinatario>
   <c36_inscricaoEstadualDestinatario>00132070685</c36_inscricaoEstadualDestinatario>
   <c37_razaoSocialDestinatario>DISTR FARM PANARELLO LTDA</c37_razaoSocialDestinatario>
   <c38_municipioDestinatario>03403</c38_municipioDestinatario>
   <c33_dataPagamento>2013-10-02</c33_dataPagamento>
   <c05_referencia>
    <mes>08</mes>
    <ano>2013</ano>
   </c05_referencia>
   <c39_camposExtras>
    <campoExtra>
     <codigo>17</codigo>
     <tipo>T</tipo>
     <valor>35130860659463000191551000006644791014039986</valor>
    </campoExtra>
   </c39_camposExtras>
   <c42_identificadorGuia>1310135555</c42_identificadorGuia>
  </TDadosGNRE>
  <TDadosGNRE>
   <c01_UfFavorecida>MT</c01_UfFavorecida>
   <c02_receita>100099</c02_receita>
   <c25_detalhamentoReceita>000022</c25_detalhamentoReceita>
   <c27_tipoIdentificacaoEmitente>1</c27_tipoIdentificacaoEmitente>
   <c03_idContribuinteEmitente>
    <CNPJ>60659463000191</CNPJ>
   </c03_idContribuinteEmitente>
   <c28_tipoDocOrigem>10</c28_tipoDocOrigem>
   <c04_docOrigem>000664493100</c04_docOrigem>
   <c06_valorPrincipal>300.54</c06_valorPrincipal>
   <c14_dataVencimento>2013-10-02</c14_dataVencimento>
   <c16_razaoSocialEmitente>Ache Lab Farmaceuticos S.A.</c16_razaoSocialEmitente>
   <c18_enderecoEmitente>Rod Presidente Dutra,S/N,Porto da Igreja,Guarulhos,SP</c18_enderecoEmitente>
   <c19_municipioEmitente>18800</c19_municipioEmitente>
   <c20_ufEnderecoEmitente>SP</c20_ufEnderecoEmitente>
   <c21_cepEmitente>07034904</c21_cepEmitente>
   <c34_tipoIdentificacaoDestinatario>1</c34_tipoIdentificacaoDestinatario>
   <c35_idContribuinteDestinatario>
    <CNPJ>01206820001683</CNPJ>
   </c35_idContribuinteDestinatario>
   <c36_inscricaoEstadualDestinatario>00132070685</c36_inscricaoEstadualDestinatario>
   <c37_razaoSocialDestinatario>DISTR FARM PANARELLO LTDA</c37_razaoSocialDestinatario>
   <c38_municipioDestinatario>03403</c38_municipioDestinatario>
   <c33_dataPagamento>2013-10-02</c33_dataPagamento>
   <c05_referencia>
    <mes>09</mes>
    <ano>2013</ano>
   </c05_referencia>
   <c39_camposExtras>
    <campoExtra>
     <codigo>17</codigo>
     <tipo>T</tipo>
     <valor>35130960659463000191551000006644931088497816</valor>
    </campoExtra>
   </c39_camposExtras>
   <c42_identificadorGuia>1310135555</c42_identificadorGuia>
  </TDadosGNRE>
  <TDadosGNRE>
   <c01_UfFavorecida>MT</c01_UfFavorecida>
   <c02_receita>100099</c02_receita>
   <c25_detalhamentoReceita>000022</c25_detalhamentoReceita>
   <c27_tipoIdentificacaoEmitente>1</c27_tipoIdentificacaoEmitente>
   <c03_idContribuinteEmitente>
    <CNPJ>60659463000191</CNPJ>
   </c03_idContribuinteEmitente>
   <c28_tipoDocOrigem>10</c28_tipoDocOrigem>
   <c04_docOrigem>000663541100</c04_docOrigem>
   <c06_valorPrincipal>263.93</c06_valorPrincipal>
   <c14_dataVencimento>2013-10-02</c14_dataVencimento>
   <c16_razaoSocialEmitente>Ache Lab Farmaceuticos S.A.</c16_razaoSocialEmitente>
   <c18_enderecoEmitente>Rod Presidente Dutra,S/N,Porto da Igreja,Guarulhos,SP</c18_enderecoEmitente>
   <c19_municipioEmitente>18800</c19_municipioEmitente>
   <c20_ufEnderecoEmitente>SP</c20_ufEnderecoEmitente>
   <c21_cepEmitente>07034904</c21_cepEmitente>
   <c34_tipoIdentificacaoDestinatario>1</c34_tipoIdentificacaoDestinatario>
   <c35_idContribuinteDestinatario>
    <CNPJ>01206820001683</CNPJ>
   </c35_idContribuinteDestinatario>
   <c36_inscricaoEstadualDestinatario>00132070685</c36_inscricaoEstadualDestinatario>
   <c37_razaoSocialDestinatario>DISTR FARM PANARELLO LTDA</c37_razaoSocialDestinatario>
   <c38_municipioDestinatario>03403</c38_municipioDestinatario>
   <c33_dataPagamento>2013-10-02</c33_dataPagamento>
   <c05_referencia>
    <mes>08</mes>
    <ano>2013</ano>
   </c05_referencia>
   <c39_camposExtras>
    <campoExtra>
     <codigo>17</codigo>
     <tipo>T</tipo>
     <valor>35130860659463000191551000006635411436764285</valor>
    </campoExtra>
   </c39_camposExtras>
   <c42_identificadorGuia>1310135555</c42_identificadorGuia>
  </TDadosGNRE>
  <TDadosGNRE>
   <c01_UfFavorecida>MT</c01_UfFavorecida>
   <c02_receita>100099</c02_receita>
   <c25_detalhamentoReceita>000022</c25_detalhamentoReceita>
   <c27_tipoIdentificacaoEmitente>1</c27_tipoIdentificacaoEmitente>
   <c03_idContribuinteEmitente>
    <CNPJ>60659463000191</CNPJ>
   </c03_idContribuinteEmitente>
   <c28_tipoDocOrigem>10</c28_tipoDocOrigem>
   <c04_docOrigem>000663542100</c04_docOrigem>
   <c06_valorPrincipal>2943.47</c06_valorPrincipal>
   <c14_dataVencimento>2013-10-02</c14_dataVencimento>
   <c16_razaoSocialEmitente>Ache Lab Farmaceuticos S.A.</c16_razaoSocialEmitente>
   <c18_enderecoEmitente>Rod Presidente Dutra,S/N,Porto da Igreja,Guarulhos,SP</c18_enderecoEmitente>
   <c19_municipioEmitente>18800</c19_municipioEmitente>
   <c20_ufEnderecoEmitente>SP</c20_ufEnderecoEmitente>
   <c21_cepEmitente>07034904</c21_cepEmitente>
   <c34_tipoIdentificacaoDestinatario>1</c34_tipoIdentificacaoDestinatario>
   <c35_idContribuinteDestinatario>
    <CNPJ>01206820001683</CNPJ>
   </c35_idContribuinteDestinatario>
   <c36_inscricaoEstadualDestinatario>00132070685</c36_inscricaoEstadualDestinatario>
   <c37_razaoSocialDestinatario>DISTR FARM PANARELLO LTDA</c37_razaoSocialDestinatario>
   <c38_municipioDestinatario>03403</c38_municipioDestinatario>
   <c33_dataPagamento>2013-10-02</c33_dataPagamento>
   <c05_referencia>
    <mes>08</mes>
    <ano>2013</ano>
   </c05_referencia>
   <c39_camposExtras>
    <campoExtra>
     <codigo>17</codigo>
     <tipo>T</tipo>
     <valor>35130860659463000191551000006635421673017308</valor>
    </campoExtra>
   </c39_camposExtras>
   <c42_identificadorGuia>1310135555</c42_identificadorGuia>
  </TDadosGNRE>
  <TDadosGNRE>
   <c01_UfFavorecida>MT</c01_UfFavorecida>
   <c02_receita>100099</c02_receita>
   <c25_detalhamentoReceita>000022</c25_detalhamentoReceita>
   <c27_tipoIdentificacaoEmitente>1</c27_tipoIdentificacaoEmitente>
   <c03_idContribuinteEmitente>
    <CNPJ>60659463000191</CNPJ>
   </c03_idContribuinteEmitente>
   <c28_tipoDocOrigem>10</c28_tipoDocOrigem>
   <c04_docOrigem>000663543100</c04_docOrigem>
   <c06_valorPrincipal>11819.27</c06_valorPrincipal>
   <c14_dataVencimento>2013-10-02</c14_dataVencimento>
   <c16_razaoSocialEmitente>Ache Lab Farmaceuticos S.A.</c16_razaoSocialEmitente>
   <c18_enderecoEmitente>Rod Presidente Dutra,S/N,Porto da Igreja,Guarulhos,SP</c18_enderecoEmitente>
   <c19_municipioEmitente>18800</c19_municipioEmitente>
   <c20_ufEnderecoEmitente>SP</c20_ufEnderecoEmitente>
   <c21_cepEmitente>07034904</c21_cepEmitente>
   <c34_tipoIdentificacaoDestinatario>1</c34_tipoIdentificacaoDestinatario>
   <c35_idContribuinteDestinatario>
    <CNPJ>01206820001683</CNPJ>
   </c35_idContribuinteDestinatario>
   <c36_inscricaoEstadualDestinatario>00132070685</c36_inscricaoEstadualDestinatario>
   <c37_razaoSocialDestinatario>DISTR FARM PANARELLO LTDA</c37_razaoSocialDestinatario>
   <c38_municipioDestinatario>03403</c38_municipioDestinatario>
   <c33_dataPagamento>2013-10-02</c33_dataPagamento>
   <c05_referencia>
    <mes>08</mes>
    <ano>2013</ano>
   </c05_referencia>
   <c39_camposExtras>
    <campoExtra>
     <codigo>17</codigo>
     <tipo>T</tipo>
     <valor>35130860659463000191551000006635431737242398</valor>
    </campoExtra>
   </c39_camposExtras>
   <c42_identificadorGuia>1310135555</c42_identificadorGuia>
  </TDadosGNRE>
  <TDadosGNRE>
   <c01_UfFavorecida>MT</c01_UfFavorecida>
   <c02_receita>100099</c02_receita>
   <c25_detalhamentoReceita>000022</c25_detalhamentoReceita>
   <c27_tipoIdentificacaoEmitente>1</c27_tipoIdentificacaoEmitente>
   <c03_idContribuinteEmitente>
    <CNPJ>60659463000191</CNPJ>
   </c03_idContribuinteEmitente>
   <c28_tipoDocOrigem>10</c28_tipoDocOrigem>
   <c04_docOrigem>000663544100</c04_docOrigem>
   <c06_valorPrincipal>4856.93</c06_valorPrincipal>
   <c14_dataVencimento>2013-10-02</c14_dataVencimento>
   <c16_razaoSocialEmitente>Ache Lab Farmaceuticos S.A.</c16_razaoSocialEmitente>
   <c18_enderecoEmitente>Rod Presidente Dutra,S/N,Porto da Igreja,Guarulhos,SP</c18_enderecoEmitente>
   <c19_municipioEmitente>18800</c19_municipioEmitente>
   <c20_ufEnderecoEmitente>SP</c20_ufEnderecoEmitente>
   <c21_cepEmitente>07034904</c21_cepEmitente>
   <c34_tipoIdentificacaoDestinatario>1</c34_tipoIdentificacaoDestinatario>
   <c35_idContribuinteDestinatario>
    <CNPJ>01206820001683</CNPJ>
   </c35_idContribuinteDestinatario>
   <c36_inscricaoEstadualDestinatario>00132070685</c36_inscricaoEstadualDestinatario>
   <c37_razaoSocialDestinatario>DISTR FARM PANARELLO LTDA</c37_razaoSocialDestinatario>
   <c38_municipioDestinatario>03403</c38_municipioDestinatario>
   <c33_dataPagamento>2013-10-02</c33_dataPagamento>
   <c05_referencia>
    <mes>08</mes>
    <ano>2013</ano>
   </c05_referencia>
   <c39_camposExtras>
    <campoExtra>
     <codigo>17</codigo>
     <tipo>T</tipo>
     <valor>35130860659463000191551000006635441150273125</valor>
    </campoExtra>
   </c39_camposExtras>
   <c42_identificadorGuia>1310135555</c42_identificadorGuia>
  </TDadosGNRE>
  <TDadosGNRE>
   <c01_UfFavorecida>MT</c01_UfFavorecida>
   <c02_receita>100099</c02_receita>
   <c25_detalhamentoReceita>000022</c25_detalhamentoReceita>
   <c27_tipoIdentificacaoEmitente>1</c27_tipoIdentificacaoEmitente>
   <c03_idContribuinteEmitente>
    <CNPJ>60659463000191</CNPJ>
   </c03_idContribuinteEmitente>
   <c28_tipoDocOrigem>10</c28_tipoDocOrigem>
   <c04_docOrigem>000663545100</c04_docOrigem>
   <c06_valorPrincipal>1189.62</c06_valorPrincipal>
   <c14_dataVencimento>2013-10-02</c14_dataVencimento>
   <c16_razaoSocialEmitente>Ache Lab Farmaceuticos S.A.</c16_razaoSocialEmitente>
   <c18_enderecoEmitente>Rod Presidente Dutra,S/N,Porto da Igreja,Guarulhos,SP</c18_enderecoEmitente>
   <c19_municipioEmitente>18800</c19_municipioEmitente>
   <c20_ufEnderecoEmitente>SP</c20_ufEnderecoEmitente>
   <c21_cepEmitente>07034904</c21_cepEmitente>
   <c34_tipoIdentificacaoDestinatario>1</c34_tipoIdentificacaoDestinatario>
   <c35_idContribuinteDestinatario>
    <CNPJ>01206820001683</CNPJ>
   </c35_idContribuinteDestinatario>
   <c36_inscricaoEstadualDestinatario>00132070685</c36_inscricaoEstadualDestinatario>
   <c37_razaoSocialDestinatario>DISTR FARM PANARELLO LTDA</c37_razaoSocialDestinatario>
   <c38_municipioDestinatario>03403</c38_municipioDestinatario>
   <c33_dataPagamento>2013-10-02</c33_dataPagamento>
   <c05_referencia>
    <mes>08</mes>
    <ano>2013</ano>
   </c05_referencia>
   <c39_camposExtras>
    <campoExtra>
     <codigo>17</codigo>
     <tipo>T</tipo>
     <valor>35130860659463000191551000006635451531235528</valor>
    </campoExtra>
   </c39_camposExtras>
   <c42_identificadorGuia>1310135555</c42_identificadorGuia>
  </TDadosGNRE>
  <TDadosGNRE>
   <c01_UfFavorecida>MT</c01_UfFavorecida>
   <c02_receita>100099</c02_receita>
   <c25_detalhamentoReceita>000022</c25_detalhamentoReceita>
   <c27_tipoIdentificacaoEmitente>1</c27_tipoIdentificacaoEmitente>
   <c03_idContribuinteEmitente>
    <CNPJ>60659463000191</CNPJ>
   </c03_idContribuinteEmitente>
   <c28_tipoDocOrigem>10</c28_tipoDocOrigem>
   <c04_docOrigem>000663546100</c04_docOrigem>
   <c06_valorPrincipal>9220.75</c06_valorPrincipal>
   <c14_dataVencimento>2013-10-02</c14_dataVencimento>
   <c16_razaoSocialEmitente>Ache Lab Farmaceuticos S.A.</c16_razaoSocialEmitente>
   <c18_enderecoEmitente>Rod Presidente Dutra,S/N,Porto da Igreja,Guarulhos,SP</c18_enderecoEmitente>
   <c19_municipioEmitente>18800</c19_municipioEmitente>
   <c20_ufEnderecoEmitente>SP</c20_ufEnderecoEmitente>
   <c21_cepEmitente>07034904</c21_cepEmitente>
   <c34_tipoIdentificacaoDestinatario>1</c34_tipoIdentificacaoDestinatario>
   <c35_idContribuinteDestinatario>
    <CNPJ>01206820001683</CNPJ>
   </c35_idContribuinteDestinatario>
   <c36_inscricaoEstadualDestinatario>00132070685</c36_inscricaoEstadualDestinatario>
   <c37_razaoSocialDestinatario>DISTR FARM PANARELLO LTDA</c37_razaoSocialDestinatario>
   <c38_municipioDestinatario>03403</c38_municipioDestinatario>
   <c33_dataPagamento>2013-10-02</c33_dataPagamento>
   <c05_referencia>
    <mes>08</mes>
    <ano>2013</ano>
   </c05_referencia>
   <c39_camposExtras>
    <campoExtra>
     <codigo>17</codigo>
     <tipo>T</tipo>
     <valor>35130860659463000191551000006635461681780510</valor>
    </campoExtra>
   </c39_camposExtras>
   <c42_identificadorGuia>1310135555</c42_identificadorGuia>
  </TDadosGNRE>
  <TDadosGNRE>
   <c01_UfFavorecida>MT</c01_UfFavorecida>
   <c02_receita>100099</c02_receita>
   <c25_detalhamentoReceita>000022</c25_detalhamentoReceita>
   <c27_tipoIdentificacaoEmitente>1</c27_tipoIdentificacaoEmitente>
   <c03_idContribuinteEmitente>
    <CNPJ>60659463000191</CNPJ>
   </c03_idContribuinteEmitente>
   <c28_tipoDocOrigem>10</c28_tipoDocOrigem>
   <c04_docOrigem>000663547100</c04_docOrigem>
   <c06_valorPrincipal>386.81</c06_valorPrincipal>
   <c14_dataVencimento>2013-10-02</c14_dataVencimento>
   <c16_razaoSocialEmitente>Ache Lab Farmaceuticos S.A.</c16_razaoSocialEmitente>
   <c18_enderecoEmitente>Rod Presidente Dutra,S/N,Porto da Igreja,Guarulhos,SP</c18_enderecoEmitente>
   <c19_municipioEmitente>18800</c19_municipioEmitente>
   <c20_ufEnderecoEmitente>SP</c20_ufEnderecoEmitente>
   <c21_cepEmitente>07034904</c21_cepEmitente>
   <c34_tipoIdentificacaoDestinatario>1</c34_tipoIdentificacaoDestinatario>
   <c35_idContribuinteDestinatario>
    <CNPJ>01206820001683</CNPJ>
   </c35_idContribuinteDestinatario>
   <c36_inscricaoEstadualDestinatario>00132070685</c36_inscricaoEstadualDestinatario>
   <c37_razaoSocialDestinatario>DISTR FARM PANARELLO LTDA</c37_razaoSocialDestinatario>
   <c38_municipioDestinatario>03403</c38_municipioDestinatario>
   <c33_dataPagamento>2013-10-02</c33_dataPagamento>
   <c05_referencia>
    <mes>08</mes>
    <ano>2013</ano>
   </c05_referencia>
   <c39_camposExtras>
    <campoExtra>
     <codigo>17</codigo>
     <tipo>T</tipo>
     <valor>35130860659463000191551000006635471510158359</valor>
    </campoExtra>
   </c39_camposExtras>
   <c42_identificadorGuia>1310135555</c42_identificadorGuia>
  </TDadosGNRE>
  <TDadosGNRE>
   <c01_UfFavorecida>MT</c01_UfFavorecida>
   <c02_receita>100099</c02_receita>
   <c25_detalhamentoReceita>000022</c25_detalhamentoReceita>
   <c27_tipoIdentificacaoEmitente>1</c27_tipoIdentificacaoEmitente>
   <c03_idContribuinteEmitente>
    <CNPJ>60659463000191</CNPJ>
   </c03_idContribuinteEmitente>
   <c28_tipoDocOrigem>10</c28_tipoDocOrigem>
   <c04_docOrigem>000663548100</c04_docOrigem>
   <c06_valorPrincipal>61.79</c06_valorPrincipal>
   <c14_dataVencimento>2013-10-02</c14_dataVencimento>
   <c16_razaoSocialEmitente>Ache Lab Farmaceuticos S.A.</c16_razaoSocialEmitente>
   <c18_enderecoEmitente>Rod Presidente Dutra,S/N,Porto da Igreja,Guarulhos,SP</c18_enderecoEmitente>
   <c19_municipioEmitente>18800</c19_municipioEmitente>
   <c20_ufEnderecoEmitente>SP</c20_ufEnderecoEmitente>
   <c21_cepEmitente>07034904</c21_cepEmitente>
   <c34_tipoIdentificacaoDestinatario>1</c34_tipoIdentificacaoDestinatario>
   <c35_idContribuinteDestinatario>
    <CNPJ>01206820001683</CNPJ>
   </c35_idContribuinteDestinatario>
   <c36_inscricaoEstadualDestinatario>00132070685</c36_inscricaoEstadualDestinatario>
   <c37_razaoSocialDestinatario>DISTR FARM PANARELLO LTDA</c37_razaoSocialDestinatario>
   <c38_municipioDestinatario>03403</c38_municipioDestinatario>
   <c33_dataPagamento>2013-10-02</c33_dataPagamento>
   <c05_referencia>
    <mes>08</mes>
    <ano>2013</ano>
   </c05_referencia>
   <c39_camposExtras>
    <campoExtra>
     <codigo>17</codigo>
     <tipo>T</tipo>
     <valor>35130860659463000191551000006635481167191215</valor>
    </campoExtra>
   </c39_camposExtras>
   <c42_identificadorGuia>1310135555</c42_identificadorGuia>
  </TDadosGNRE>
  <TDadosGNRE>
   <c01_UfFavorecida>MT</c01_UfFavorecida>
   <c02_receita>100099</c02_receita>
   <c25_detalhamentoReceita>000022</c25_detalhamentoReceita>
   <c27_tipoIdentificacaoEmitente>1</c27_tipoIdentificacaoEmitente>
   <c03_idContribuinteEmitente>
    <CNPJ>60659463000191</CNPJ>
   </c03_idContribuinteEmitente>
   <c28_tipoDocOrigem>10</c28_tipoDocOrigem>
   <c04_docOrigem>000663549100</c04_docOrigem>
   <c06_valorPrincipal>123.31</c06_valorPrincipal>
   <c14_dataVencimento>2013-10-02</c14_dataVencimento>
   <c16_razaoSocialEmitente>Ache Lab Farmaceuticos S.A.</c16_razaoSocialEmitente>
   <c18_enderecoEmitente>Rod Presidente Dutra,S/N,Porto da Igreja,Guarulhos,SP</c18_enderecoEmitente>
   <c19_municipioEmitente>18800</c19_municipioEmitente>
   <c20_ufEnderecoEmitente>SP</c20_ufEnderecoEmitente>
   <c21_cepEmitente>07034904</c21_cepEmitente>
   <c34_tipoIdentificacaoDestinatario>1</c34_tipoIdentificacaoDestinatario>
   <c35_idContribuinteDestinatario>
    <CNPJ>01206820001683</CNPJ>
   </c35_idContribuinteDestinatario>
   <c36_inscricaoEstadualDestinatario>00132070685</c36_inscricaoEstadualDestinatario>
   <c37_razaoSocialDestinatario>DISTR FARM PANARELLO LTDA</c37_razaoSocialDestinatario>
   <c38_municipioDestinatario>03403</c38_municipioDestinatario>
   <c33_dataPagamento>2013-10-02</c33_dataPagamento>
   <c05_referencia>
    <mes>08</mes>
    <ano>2013</ano>
   </c05_referencia>
   <c39_camposExtras>
    <campoExtra>
     <codigo>17</codigo>
     <tipo>T</tipo>
     <valor>35130860659463000191551000006635491135496840</valor>
    </campoExtra>
   </c39_camposExtras>
   <c42_identificadorGuia>1310135555</c42_identificadorGuia>
  </TDadosGNRE>
  <TDadosGNRE>
   <c01_UfFavorecida>MT</c01_UfFavorecida>
   <c02_receita>100099</c02_receita>
   <c25_detalhamentoReceita>000022</c25_detalhamentoReceita>
   <c27_tipoIdentificacaoEmitente>1</c27_tipoIdentificacaoEmitente>
   <c03_idContribuinteEmitente>
    <CNPJ>60659463000191</CNPJ>
   </c03_idContribuinteEmitente>
   <c28_tipoDocOrigem>10</c28_tipoDocOrigem>
   <c04_docOrigem>000663551100</c04_docOrigem>
   <c06_valorPrincipal>1472.72</c06_valorPrincipal>
   <c14_dataVencimento>2013-10-02</c14_dataVencimento>
   <c16_razaoSocialEmitente>Ache Lab Farmaceuticos S.A.</c16_razaoSocialEmitente>
   <c18_enderecoEmitente>Rod Presidente Dutra,S/N,Porto da Igreja,Guarulhos,SP</c18_enderecoEmitente>
   <c19_municipioEmitente>18800</c19_municipioEmitente>
   <c20_ufEnderecoEmitente>SP</c20_ufEnderecoEmitente>
   <c21_cepEmitente>07034904</c21_cepEmitente>
   <c34_tipoIdentificacaoDestinatario>1</c34_tipoIdentificacaoDestinatario>
   <c35_idContribuinteDestinatario>
    <CNPJ>01206820001683</CNPJ>
   </c35_idContribuinteDestinatario>
   <c36_inscricaoEstadualDestinatario>00132070685</c36_inscricaoEstadualDestinatario>
   <c37_razaoSocialDestinatario>DISTR FARM PANARELLO LTDA</c37_razaoSocialDestinatario>
   <c38_municipioDestinatario>03403</c38_municipioDestinatario>
   <c33_dataPagamento>2013-10-02</c33_dataPagamento>
   <c05_referencia>
    <mes>08</mes>
    <ano>2013</ano>
   </c05_referencia>
   <c39_camposExtras>
    <campoExtra>
     <codigo>17</codigo>
     <tipo>T</tipo>
     <valor>35130860659463000191551000006635511041096634</valor>
    </campoExtra>
   </c39_camposExtras>
   <c42_identificadorGuia>1310135555</c42_identificadorGuia>
  </TDadosGNRE>
  <TDadosGNRE>
   <c01_UfFavorecida>MT</c01_UfFavorecida>
   <c02_receita>100099</c02_receita>
   <c25_detalhamentoReceita>000022</c25_detalhamentoReceita>
   <c27_tipoIdentificacaoEmitente>1</c27_tipoIdentificacaoEmitente>
   <c03_idContribuinteEmitente>
    <CNPJ>60659463000191</CNPJ>
   </c03_idContribuinteEmitente>
   <c28_tipoDocOrigem>10</c28_tipoDocOrigem>
   <c04_docOrigem>000663552100</c04_docOrigem>
   <c06_valorPrincipal>725.15</c06_valorPrincipal>
   <c14_dataVencimento>2013-10-02</c14_dataVencimento>
   <c16_razaoSocialEmitente>Ache Lab Farmaceuticos S.A.</c16_razaoSocialEmitente>
   <c18_enderecoEmitente>Rod Presidente Dutra,S/N,Porto da Igreja,Guarulhos,SP</c18_enderecoEmitente>
   <c19_municipioEmitente>18800</c19_municipioEmitente>
   <c20_ufEnderecoEmitente>SP</c20_ufEnderecoEmitente>
   <c21_cepEmitente>07034904</c21_cepEmitente>
   <c34_tipoIdentificacaoDestinatario>1</c34_tipoIdentificacaoDestinatario>
   <c35_idContribuinteDestinatario>
    <CNPJ>01206820001683</CNPJ>
   </c35_idContribuinteDestinatario>
   <c36_inscricaoEstadualDestinatario>00132070685</c36_inscricaoEstadualDestinatario>
   <c37_razaoSocialDestinatario>DISTR FARM PANARELLO LTDA</c37_razaoSocialDestinatario>
   <c38_municipioDestinatario>03403</c38_municipioDestinatario>
   <c33_dataPagamento>2013-10-02</c33_dataPagamento>
   <c05_referencia>
    <mes>08</mes>
    <ano>2013</ano>
   </c05_referencia>
   <c39_camposExtras>
    <campoExtra>
     <codigo>17</codigo>
     <tipo>T</tipo>
     <valor>35130860659463000191551000006635521844486400</valor>
    </campoExtra>
   </c39_camposExtras>
   <c42_identificadorGuia>1310135555</c42_identificadorGuia>
  </TDadosGNRE>
  <TDadosGNRE>
   <c01_UfFavorecida>MT</c01_UfFavorecida>
   <c02_receita>100099</c02_receita>
   <c25_detalhamentoReceita>000022</c25_detalhamentoReceita>
   <c27_tipoIdentificacaoEmitente>1</c27_tipoIdentificacaoEmitente>
   <c03_idContribuinteEmitente>
    <CNPJ>60659463000191</CNPJ>
   </c03_idContribuinteEmitente>
   <c28_tipoDocOrigem>10</c28_tipoDocOrigem>
   <c04_docOrigem>000663554100</c04_docOrigem>
   <c06_valorPrincipal>1596.36</c06_valorPrincipal>
   <c14_dataVencimento>2013-10-02</c14_dataVencimento>
   <c16_razaoSocialEmitente>Ache Lab Farmaceuticos S.A.</c16_razaoSocialEmitente>
   <c18_enderecoEmitente>Rod Presidente Dutra,S/N,Porto da Igreja,Guarulhos,SP</c18_enderecoEmitente>
   <c19_municipioEmitente>18800</c19_municipioEmitente>
   <c20_ufEnderecoEmitente>SP</c20_ufEnderecoEmitente>
   <c21_cepEmitente>07034904</c21_cepEmitente>
   <c34_tipoIdentificacaoDestinatario>1</c34_tipoIdentificacaoDestinatario>
   <c35_idContribuinteDestinatario>
    <CNPJ>01206820001683</CNPJ>
   </c35_idContribuinteDestinatario>
   <c36_inscricaoEstadualDestinatario>00132070685</c36_inscricaoEstadualDestinatario>
   <c37_razaoSocialDestinatario>DISTR FARM PANARELLO LTDA</c37_razaoSocialDestinatario>
   <c38_municipioDestinatario>03403</c38_municipioDestinatario>
   <c33_dataPagamento>2013-10-02</c33_dataPagamento>
   <c05_referencia>
    <mes>08</mes>
    <ano>2013</ano>
   </c05_referencia>
   <c39_camposExtras>
    <campoExtra>
     <codigo>17</codigo>
     <tipo>T</tipo>
     <valor>35130860659463000191551000006635541638878182</valor>
    </campoExtra>
   </c39_camposExtras>
   <c42_identificadorGuia>1310135555</c42_identificadorGuia>
  </TDadosGNRE>
  <TDadosGNRE>
   <c01_UfFavorecida>MT</c01_UfFavorecida>
   <c02_receita>100099</c02_receita>
   <c25_detalhamentoReceita>000022</c25_detalhamentoReceita>
   <c27_tipoIdentificacaoEmitente>1</c27_tipoIdentificacaoEmitente>
   <c03_idContribuinteEmitente>
    <CNPJ>60659463000191</CNPJ>
   </c03_idContribuinteEmitente>
   <c28_tipoDocOrigem>10</c28_tipoDocOrigem>
   <c04_docOrigem>000663555100</c04_docOrigem>
   <c06_valorPrincipal>300.49</c06_valorPrincipal>
   <c14_dataVencimento>2013-10-02</c14_dataVencimento>
   <c16_razaoSocialEmitente>Ache Lab Farmaceuticos S.A.</c16_razaoSocialEmitente>
   <c18_enderecoEmitente>Rod Presidente Dutra,S/N,Porto da Igreja,Guarulhos,SP</c18_enderecoEmitente>
   <c19_municipioEmitente>18800</c19_municipioEmitente>
   <c20_ufEnderecoEmitente>SP</c20_ufEnderecoEmitente>
   <c21_cepEmitente>07034904</c21_cepEmitente>
   <c34_tipoIdentificacaoDestinatario>1</c34_tipoIdentificacaoDestinatario>
   <c35_idContribuinteDestinatario>
    <CNPJ>01206820001683</CNPJ>
   </c35_idContribuinteDestinatario>
   <c36_inscricaoEstadualDestinatario>00132070685</c36_inscricaoEstadualDestinatario>
   <c37_razaoSocialDestinatario>DISTR FARM PANARELLO LTDA</c37_razaoSocialDestinatario>
   <c38_municipioDestinatario>03403</c38_municipioDestinatario>
   <c33_dataPagamento>2013-10-02</c33_dataPagamento>
   <c05_referencia>
    <mes>08</mes>
    <ano>2013</ano>
   </c05_referencia>
   <c39_camposExtras>
    <campoExtra>
     <codigo>17</codigo>
     <tipo>T</tipo>
     <valor>35130860659463000191551000006635551140451296</valor>
    </campoExtra>
   </c39_camposExtras>
   <c42_identificadorGuia>1310135555</c42_identificadorGuia>
  </TDadosGNRE>
  <TDadosGNRE>
   <c01_UfFavorecida>MT</c01_UfFavorecida>
   <c02_receita>100099</c02_receita>
   <c25_detalhamentoReceita>000022</c25_detalhamentoReceita>
   <c27_tipoIdentificacaoEmitente>1</c27_tipoIdentificacaoEmitente>
   <c03_idContribuinteEmitente>
    <CNPJ>60659463000191</CNPJ>
   </c03_idContribuinteEmitente>
   <c28_tipoDocOrigem>10</c28_tipoDocOrigem>
   <c04_docOrigem>000663556100</c04_docOrigem>
   <c06_valorPrincipal>47.98</c06_valorPrincipal>
   <c14_dataVencimento>2013-10-02</c14_dataVencimento>
   <c16_razaoSocialEmitente>Ache Lab Farmaceuticos S.A.</c16_razaoSocialEmitente>
   <c18_enderecoEmitente>Rod Presidente Dutra,S/N,Porto da Igreja,Guarulhos,SP</c18_enderecoEmitente>
   <c19_municipioEmitente>18800</c19_municipioEmitente>
   <c20_ufEnderecoEmitente>SP</c20_ufEnderecoEmitente>
   <c21_cepEmitente>07034904</c21_cepEmitente>
   <c34_tipoIdentificacaoDestinatario>1</c34_tipoIdentificacaoDestinatario>
   <c35_idContribuinteDestinatario>
    <CNPJ>03533726000773</CNPJ>
   </c35_idContribuinteDestinatario>
   <c36_inscricaoEstadualDestinatario>00131948067</c36_inscricaoEstadualDestinatario>
   <c37_razaoSocialDestinatario>UNIMED CUIABA COOP TRAB MED</c37_razaoSocialDestinatario>
   <c38_municipioDestinatario>03403</c38_municipioDestinatario>
   <c33_dataPagamento>2013-10-02</c33_dataPagamento>
   <c05_referencia>
    <mes>08</mes>
    <ano>2013</ano>
   </c05_referencia>
   <c39_camposExtras>
    <campoExtra>
     <codigo>17</codigo>
     <tipo>T</tipo>
     <valor>35130860659463000191551000006635561512029628</valor>
    </campoExtra>
   </c39_camposExtras>
   <c42_identificadorGuia>1310135555</c42_identificadorGuia>
  </TDadosGNRE>
  <TDadosGNRE>
   <c01_UfFavorecida>MT</c01_UfFavorecida>
   <c02_receita>100099</c02_receita>
   <c25_detalhamentoReceita>000022</c25_detalhamentoReceita>
   <c27_tipoIdentificacaoEmitente>1</c27_tipoIdentificacaoEmitente>
   <c03_idContribuinteEmitente>
    <CNPJ>60659463000191</CNPJ>
   </c03_idContribuinteEmitente>
   <c28_tipoDocOrigem>10</c28_tipoDocOrigem>
   <c04_docOrigem>000663557100</c04_docOrigem>
   <c06_valorPrincipal>229.47</c06_valorPrincipal>
   <c14_dataVencimento>2013-10-02</c14_dataVencimento>
   <c16_razaoSocialEmitente>Ache Lab Farmaceuticos S.A.</c16_razaoSocialEmitente>
   <c18_enderecoEmitente>Rod Presidente Dutra,S/N,Porto da Igreja,Guarulhos,SP</c18_enderecoEmitente>
   <c19_municipioEmitente>18800</c19_municipioEmitente>
   <c20_ufEnderecoEmitente>SP</c20_ufEnderecoEmitente>
   <c21_cepEmitente>07034904</c21_cepEmitente>
   <c34_tipoIdentificacaoDestinatario>1</c34_tipoIdentificacaoDestinatario>
   <c35_idContribuinteDestinatario>
    <CNPJ>03533726000773</CNPJ>
   </c35_idContribuinteDestinatario>
   <c36_inscricaoEstadualDestinatario>00131948067</c36_inscricaoEstadualDestinatario>
   <c37_razaoSocialDestinatario>UNIMED CUIABA COOP TRAB MED</c37_razaoSocialDestinatario>
   <c38_municipioDestinatario>03403</c38_municipioDestinatario>
   <c33_dataPagamento>2013-10-02</c33_dataPagamento>
   <c05_referencia>
    <mes>08</mes>
    <ano>2013</ano>
   </c05_referencia>
   <c39_camposExtras>
    <campoExtra>
     <codigo>17</codigo>
     <tipo>T</tipo>
     <valor>35130860659463000191551000006635571105745771</valor>
    </campoExtra>
   </c39_camposExtras>
   <c42_identificadorGuia>1310135555</c42_identificadorGuia>
  </TDadosGNRE>
  <TDadosGNRE>
   <c01_UfFavorecida>MT</c01_UfFavorecida>
   <c02_receita>100099</c02_receita>
   <c25_detalhamentoReceita>000022</c25_detalhamentoReceita>
   <c27_tipoIdentificacaoEmitente>1</c27_tipoIdentificacaoEmitente>
   <c03_idContribuinteEmitente>
    <CNPJ>60659463000191</CNPJ>
   </c03_idContribuinteEmitente>
   <c28_tipoDocOrigem>10</c28_tipoDocOrigem>
   <c04_docOrigem>000663558100</c04_docOrigem>
   <c06_valorPrincipal>43.06</c06_valorPrincipal>
   <c14_dataVencimento>2013-10-02</c14_dataVencimento>
   <c16_razaoSocialEmitente>Ache Lab Farmaceuticos S.A.</c16_razaoSocialEmitente>
   <c18_enderecoEmitente>Rod Presidente Dutra,S/N,Porto da Igreja,Guarulhos,SP</c18_enderecoEmitente>
   <c19_municipioEmitente>18800</c19_municipioEmitente>
   <c20_ufEnderecoEmitente>SP</c20_ufEnderecoEmitente>
   <c21_cepEmitente>07034904</c21_cepEmitente>
   <c34_tipoIdentificacaoDestinatario>1</c34_tipoIdentificacaoDestinatario>
   <c35_idContribuinteDestinatario>
    <CNPJ>03533726000773</CNPJ>
   </c35_idContribuinteDestinatario>
   <c36_inscricaoEstadualDestinatario>00131948067</c36_inscricaoEstadualDestinatario>
   <c37_razaoSocialDestinatario>UNIMED CUIABA COOP TRAB MED</c37_razaoSocialDestinatario>
   <c38_municipioDestinatario>03403</c38_municipioDestinatario>
   <c33_dataPagamento>2013-10-02</c33_dataPagamento>
   <c05_referencia>
    <mes>08</mes>
    <ano>2013</ano>
   </c05_referencia>
   <c39_camposExtras>
    <campoExtra>
     <codigo>17</codigo>
     <tipo>T</tipo>
     <valor>35130860659463000191551000006635581796194631</valor>
    </campoExtra>
   </c39_camposExtras>
   <c42_identificadorGuia>1310135555</c42_identificadorGuia>
  </TDadosGNRE>
  <TDadosGNRE>
   <c01_UfFavorecida>MT</c01_UfFavorecida>
   <c02_receita>100099</c02_receita>
   <c25_detalhamentoReceita>000022</c25_detalhamentoReceita>
   <c27_tipoIdentificacaoEmitente>1</c27_tipoIdentificacaoEmitente>
   <c03_idContribuinteEmitente>
    <CNPJ>60659463000191</CNPJ>
   </c03_idContribuinteEmitente>
   <c28_tipoDocOrigem>10</c28_tipoDocOrigem>
   <c04_docOrigem>000663559100</c04_docOrigem>
   <c06_valorPrincipal>1.87</c06_valorPrincipal>
   <c14_dataVencimento>2013-10-02</c14_dataVencimento>
   <c16_razaoSocialEmitente>Ache Lab Farmaceuticos S.A.</c16_razaoSocialEmitente>
   <c18_enderecoEmitente>Rod Presidente Dutra,S/N,Porto da Igreja,Guarulhos,SP</c18_enderecoEmitente>
   <c19_municipioEmitente>18800</c19_municipioEmitente>
   <c20_ufEnderecoEmitente>SP</c20_ufEnderecoEmitente>
   <c21_cepEmitente>07034904</c21_cepEmitente>
   <c34_tipoIdentificacaoDestinatario>1</c34_tipoIdentificacaoDestinatario>
   <c35_idContribuinteDestinatario>
    <CNPJ>03533726000773</CNPJ>
   </c35_idContribuinteDestinatario>
   <c36_inscricaoEstadualDestinatario>00131948067</c36_inscricaoEstadualDestinatario>
   <c37_razaoSocialDestinatario>UNIMED CUIABA COOP TRAB MED</c37_razaoSocialDestinatario>
   <c38_municipioDestinatario>03403</c38_municipioDestinatario>
   <c33_dataPagamento>2013-10-02</c33_dataPagamento>
   <c05_referencia>
    <mes>08</mes>
    <ano>2013</ano>
   </c05_referencia>
   <c39_camposExtras>
    <campoExtra>
     <codigo>17</codigo>
     <tipo>T</tipo>
     <valor>35130860659463000191551000006635591694792057</valor>
    </campoExtra>
   </c39_camposExtras>
   <c42_identificadorGuia>1310135555</c42_identificadorGuia>
  </TDadosGNRE>
  <TDadosGNRE>
   <c01_UfFavorecida>MT</c01_UfFavorecida>
   <c02_receita>100099</c02_receita>
   <c25_detalhamentoReceita>000022</c25_detalhamentoReceita>
   <c27_tipoIdentificacaoEmitente>1</c27_tipoIdentificacaoEmitente>
   <c03_idContribuinteEmitente>
    <CNPJ>60659463000191</CNPJ>
   </c03_idContribuinteEmitente>
   <c28_tipoDocOrigem>10</c28_tipoDocOrigem>
   <c04_docOrigem>000663561100</c04_docOrigem>
   <c06_valorPrincipal>3.73</c06_valorPrincipal>
   <c14_dataVencimento>2013-10-02</c14_dataVencimento>
   <c16_razaoSocialEmitente>Ache Lab Farmaceuticos S.A.</c16_razaoSocialEmitente>
   <c18_enderecoEmitente>Rod Presidente Dutra,S/N,Porto da Igreja,Guarulhos,SP</c18_enderecoEmitente>
   <c19_municipioEmitente>18800</c19_municipioEmitente>
   <c20_ufEnderecoEmitente>SP</c20_ufEnderecoEmitente>
   <c21_cepEmitente>07034904</c21_cepEmitente>
   <c34_tipoIdentificacaoDestinatario>1</c34_tipoIdentificacaoDestinatario>
   <c35_idContribuinteDestinatario>
    <CNPJ>03533726000773</CNPJ>
   </c35_idContribuinteDestinatario>
   <c36_inscricaoEstadualDestinatario>00131948067</c36_inscricaoEstadualDestinatario>
   <c37_razaoSocialDestinatario>UNIMED CUIABA COOP TRAB MED</c37_razaoSocialDestinatario>
   <c38_municipioDestinatario>03403</c38_municipioDestinatario>
   <c33_dataPagamento>2013-10-02</c33_dataPagamento>
   <c05_referencia>
    <mes>08</mes>
    <ano>2013</ano>
   </c05_referencia>
   <c39_camposExtras>
    <campoExtra>
     <codigo>17</codigo>
     <tipo>T</tipo>
     <valor>35130860659463000191551000006635611672836130</valor>
    </campoExtra>
   </c39_camposExtras>
   <c42_identificadorGuia>1310135555</c42_identificadorGuia>
  </TDadosGNRE>
  <TDadosGNRE>
   <c01_UfFavorecida>MT</c01_UfFavorecida>
   <c02_receita>100099</c02_receita>
   <c25_detalhamentoReceita>000022</c25_detalhamentoReceita>
   <c27_tipoIdentificacaoEmitente>1</c27_tipoIdentificacaoEmitente>
   <c03_idContribuinteEmitente>
    <CNPJ>60659463000191</CNPJ>
   </c03_idContribuinteEmitente>
   <c28_tipoDocOrigem>10</c28_tipoDocOrigem>
   <c04_docOrigem>000663562100</c04_docOrigem>
   <c06_valorPrincipal>83.19</c06_valorPrincipal>
   <c14_dataVencimento>2013-10-02</c14_dataVencimento>
   <c16_razaoSocialEmitente>Ache Lab Farmaceuticos S.A.</c16_razaoSocialEmitente>
   <c18_enderecoEmitente>Rod Presidente Dutra,S/N,Porto da Igreja,Guarulhos,SP</c18_enderecoEmitente>
   <c19_municipioEmitente>18800</c19_municipioEmitente>
   <c20_ufEnderecoEmitente>SP</c20_ufEnderecoEmitente>
   <c21_cepEmitente>07034904</c21_cepEmitente>
   <c34_tipoIdentificacaoDestinatario>1</c34_tipoIdentificacaoDestinatario>
   <c35_idContribuinteDestinatario>
    <CNPJ>03533726000773</CNPJ>
   </c35_idContribuinteDestinatario>
   <c36_inscricaoEstadualDestinatario>00131948067</c36_inscricaoEstadualDestinatario>
   <c37_razaoSocialDestinatario>UNIMED CUIABA COOP TRAB MED</c37_razaoSocialDestinatario>
   <c38_municipioDestinatario>03403</c38_municipioDestinatario>
   <c33_dataPagamento>2013-10-02</c33_dataPagamento>
   <c05_referencia>
    <mes>08</mes>
    <ano>2013</ano>
   </c05_referencia>
   <c39_camposExtras>
    <campoExtra>
     <codigo>17</codigo>
     <tipo>T</tipo>
     <valor>35130860659463000191551000006635621544104371</valor>
    </campoExtra>
   </c39_camposExtras>
   <c42_identificadorGuia>1310135555</c42_identificadorGuia>
  </TDadosGNRE>
  <TDadosGNRE>
   <c01_UfFavorecida>MT</c01_UfFavorecida>
   <c02_receita>100099</c02_receita>
   <c25_detalhamentoReceita>000022</c25_detalhamentoReceita>
   <c27_tipoIdentificacaoEmitente>1</c27_tipoIdentificacaoEmitente>
   <c03_idContribuinteEmitente>
    <CNPJ>60659463000191</CNPJ>
   </c03_idContribuinteEmitente>
   <c28_tipoDocOrigem>10</c28_tipoDocOrigem>
   <c04_docOrigem>000663540100</c04_docOrigem>
   <c06_valorPrincipal>1165.76</c06_valorPrincipal>
   <c14_dataVencimento>2013-10-02</c14_dataVencimento>
   <c16_razaoSocialEmitente>Ache Lab Farmaceuticos S.A.</c16_razaoSocialEmitente>
   <c18_enderecoEmitente>Rod Presidente Dutra,S/N,Porto da Igreja,Guarulhos,SP</c18_enderecoEmitente>
   <c19_municipioEmitente>18800</c19_municipioEmitente>
   <c20_ufEnderecoEmitente>SP</c20_ufEnderecoEmitente>
   <c21_cepEmitente>07034904</c21_cepEmitente>
   <c34_tipoIdentificacaoDestinatario>1</c34_tipoIdentificacaoDestinatario>
   <c35_idContribuinteDestinatario>
    <CNPJ>01206820001683</CNPJ>
   </c35_idContribuinteDestinatario>
   <c36_inscricaoEstadualDestinatario>00132070685</c36_inscricaoEstadualDestinatario>
   <c37_razaoSocialDestinatario>DISTR FARM PANARELLO LTDA</c37_razaoSocialDestinatario>
   <c38_municipioDestinatario>03403</c38_municipioDestinatario>
   <c33_dataPagamento>2013-10-02</c33_dataPagamento>
   <c05_referencia>
    <mes>08</mes>
    <ano>2013</ano>
   </c05_referencia>
   <c39_camposExtras>
    <campoExtra>
     <codigo>17</codigo>
     <tipo>T</tipo>
     <valor>35130860659463000191551000006635401815625871</valor>
    </campoExtra>
   </c39_camposExtras>
   <c42_identificadorGuia>1310135555</c42_identificadorGuia>
  </TDadosGNRE>
  <TDadosGNRE>
   <c01_UfFavorecida>MT</c01_UfFavorecida>
   <c02_receita>100099</c02_receita>
   <c25_detalhamentoReceita>000022</c25_detalhamentoReceita>
   <c27_tipoIdentificacaoEmitente>1</c27_tipoIdentificacaoEmitente>
   <c03_idContribuinteEmitente>
    <CNPJ>60659463000191</CNPJ>
   </c03_idContribuinteEmitente>
   <c28_tipoDocOrigem>10</c28_tipoDocOrigem>
   <c04_docOrigem>000663540100</c04_docOrigem>
   <c06_valorPrincipal>1165.76</c06_valorPrincipal>
   <c14_dataVencimento>2013-10-02</c14_dataVencimento>
   <c16_razaoSocialEmitente>Ache Lab Farmaceuticos S.A.</c16_razaoSocialEmitente>
   <c18_enderecoEmitente>Rod Presidente Dutra,S/N,Porto da Igreja,Guarulhos,SP</c18_enderecoEmitente>
   <c19_municipioEmitente>18800</c19_municipioEmitente>
   <c20_ufEnderecoEmitente>SP</c20_ufEnderecoEmitente>
   <c21_cepEmitente>07034904</c21_cepEmitente>
   <c34_tipoIdentificacaoDestinatario>1</c34_tipoIdentificacaoDestinatario>
   <c35_idContribuinteDestinatario>
    <CNPJ>01206820001683</CNPJ>
   </c35_idContribuinteDestinatario>
   <c36_inscricaoEstadualDestinatario>00132070685</c36_inscricaoEstadualDestinatario>
   <c37_razaoSocialDestinatario>DISTR FARM PANARELLO LTDA</c37_razaoSocialDestinatario>
   <c38_municipioDestinatario>03403</c38_municipioDestinatario>
   <c33_dataPagamento>2013-10-02</c33_dataPagamento>
   <c05_referencia>
    <mes>08</mes>
    <ano>2013</ano>
   </c05_referencia>
   <c39_camposExtras>
    <campoExtra>
     <codigo>17</codigo>
     <tipo>T</tipo>
     <valor>35130860659463000191551000006635401815625871</valor>
    </campoExtra>
   </c39_camposExtras>
   <c42_identificadorGuia>1310135555</c42_identificadorGuia>
  </TDadosGNRE>
  <TDadosGNRE>
   <c01_UfFavorecida>MT</c01_UfFavorecida>
   <c02_receita>100099</c02_receita>
   <c25_detalhamentoReceita>000022</c25_detalhamentoReceita>
   <c27_tipoIdentificacaoEmitente>1</c27_tipoIdentificacaoEmitente>
   <c03_idContribuinteEmitente>
    <CNPJ>60659463000191</CNPJ>
   </c03_idContribuinteEmitente>
   <c28_tipoDocOrigem>10</c28_tipoDocOrigem>
   <c04_docOrigem>000663563100</c04_docOrigem>
   <c06_valorPrincipal>1165.76</c06_valorPrincipal>
   <c14_dataVencimento>2013-10-02</c14_dataVencimento>
   <c16_razaoSocialEmitente>Ache Lab Farmaceuticos S.A.</c16_razaoSocialEmitente>
   <c18_enderecoEmitente>Rod Presidente Dutra,S/N,Porto da Igreja,Guarulhos,SP</c18_enderecoEmitente>
   <c19_municipioEmitente>18800</c19_municipioEmitente>
   <c20_ufEnderecoEmitente>SP</c20_ufEnderecoEmitente>
   <c21_cepEmitente>07034904</c21_cepEmitente>
   <c34_tipoIdentificacaoDestinatario>1</c34_tipoIdentificacaoDestinatario>
   <c35_idContribuinteDestinatario>
    <CNPJ>01206820001683</CNPJ>
   </c35_idContribuinteDestinatario>
   <c36_inscricaoEstadualDestinatario>00132070685</c36_inscricaoEstadualDestinatario>
   <c37_razaoSocialDestinatario>DISTR FARM PANARELLO LTDA</c37_razaoSocialDestinatario>
   <c38_municipioDestinatario>03403</c38_municipioDestinatario>
   <c33_dataPagamento>2013-10-02</c33_dataPagamento>
   <c05_referencia>
    <mes>08</mes>
    <ano>2013</ano>
   </c05_referencia>
   <c39_camposExtras>
    <campoExtra>
     <codigo>17</codigo>
     <tipo>T</tipo>
     <valor>35130860659463000191551000006635631815625876</valor>
    </campoExtra>
   </c39_camposExtras>
   <c42_identificadorGuia>1310135555</c42_identificadorGuia>
  </TDadosGNRE>
  <TDadosGNRE>
   <c01_UfFavorecida>MT</c01_UfFavorecida>
   <c02_receita>100099</c02_receita>
   <c25_detalhamentoReceita>000022</c25_detalhamentoReceita>
   <c27_tipoIdentificacaoEmitente>1</c27_tipoIdentificacaoEmitente>
   <c03_idContribuinteEmitente>
    <CNPJ>60659463000191</CNPJ>
   </c03_idContribuinteEmitente>
   <c28_tipoDocOrigem>10</c28_tipoDocOrigem>
   <c04_docOrigem>000663560100</c04_docOrigem>
   <c06_valorPrincipal>39.87</c06_valorPrincipal>
   <c14_dataVencimento>2013-10-02</c14_dataVencimento>
   <c16_razaoSocialEmitente>Ache Lab Farmaceuticos S.A.</c16_razaoSocialEmitente>
   <c18_enderecoEmitente>Rod Presidente Dutra,S/N,Porto da Igreja,Guarulhos,SP</c18_enderecoEmitente>
   <c19_municipioEmitente>18800</c19_municipioEmitente>
   <c20_ufEnderecoEmitente>SP</c20_ufEnderecoEmitente>
   <c21_cepEmitente>07034904</c21_cepEmitente>
   <c34_tipoIdentificacaoDestinatario>1</c34_tipoIdentificacaoDestinatario>
   <c35_idContribuinteDestinatario>
    <CNPJ>03533726000773</CNPJ>
   </c35_idContribuinteDestinatario>
   <c36_inscricaoEstadualDestinatario>00131948067</c36_inscricaoEstadualDestinatario>
   <c37_razaoSocialDestinatario>UNIMED CUIABA COOP TRAB MED</c37_razaoSocialDestinatario>
   <c38_municipioDestinatario>03403</c38_municipioDestinatario>
   <c33_dataPagamento>2013-10-02</c33_dataPagamento>
   <c05_referencia>
    <mes>08</mes>
    <ano>2013</ano>
   </c05_referencia>
   <c39_camposExtras>
    <campoExtra>
     <codigo>17</codigo>
     <tipo>T</tipo>
     <valor>35130860659463000191551000006635601199784151</valor>
    </campoExtra>
   </c39_camposExtras>
   <c42_identificadorGuia>1310135555</c42_identificadorGuia>
  </TDadosGNRE>
  <TDadosGNRE>
   <c01_UfFavorecida>MT</c01_UfFavorecida>
   <c02_receita>100099</c02_receita>
   <c25_detalhamentoReceita>000022</c25_detalhamentoReceita>
   <c27_tipoIdentificacaoEmitente>1</c27_tipoIdentificacaoEmitente>
   <c03_idContribuinteEmitente>
    <CNPJ>60659463000191</CNPJ>
   </c03_idContribuinteEmitente>
   <c28_tipoDocOrigem>10</c28_tipoDocOrigem>
   <c04_docOrigem>000663560100</c04_docOrigem>
   <c06_valorPrincipal>39.87</c06_valorPrincipal>
   <c14_dataVencimento>2013-10-02</c14_dataVencimento>
   <c16_razaoSocialEmitente>Ache Lab Farmaceuticos S.A.</c16_razaoSocialEmitente>
   <c18_enderecoEmitente>Rod Presidente Dutra,S/N,Porto da Igreja,Guarulhos,SP</c18_enderecoEmitente>
   <c19_municipioEmitente>18800</c19_municipioEmitente>
   <c20_ufEnderecoEmitente>SP</c20_ufEnderecoEmitente>
   <c21_cepEmitente>07034904</c21_cepEmitente>
   <c34_tipoIdentificacaoDestinatario>1</c34_tipoIdentificacaoDestinatario>
   <c35_idContribuinteDestinatario>
    <CNPJ>03533726000773</CNPJ>
   </c35_idContribuinteDestinatario>
   <c36_inscricaoEstadualDestinatario>00131948067</c36_inscricaoEstadualDestinatario>
   <c37_razaoSocialDestinatario>UNIMED CUIABA COOP TRAB MED</c37_razaoSocialDestinatario>
   <c38_municipioDestinatario>03403</c38_municipioDestinatario>
   <c33_dataPagamento>2013-10-02</c33_dataPagamento>
   <c05_referencia>
    <mes>08</mes>
    <ano>2013</ano>
   </c05_referencia>
   <c39_camposExtras>
    <campoExtra>
     <codigo>17</codigo>
     <tipo>T</tipo>
     <valor>35130860659463000191551000006635601199784151</valor>
    </campoExtra>
   </c39_camposExtras>
   <c42_identificadorGuia>1310135555</c42_identificadorGuia>
  </TDadosGNRE>
  <TDadosGNRE>
   <c01_UfFavorecida>MT</c01_UfFavorecida>
   <c02_receita>100099</c02_receita>
   <c25_detalhamentoReceita>000022</c25_detalhamentoReceita>
   <c27_tipoIdentificacaoEmitente>1</c27_tipoIdentificacaoEmitente>
   <c03_idContribuinteEmitente>
    <CNPJ>60659463000191</CNPJ>
   </c03_idContribuinteEmitente>
   <c28_tipoDocOrigem>10</c28_tipoDocOrigem>
   <c04_docOrigem>000663564100</c04_docOrigem>
   <c06_valorPrincipal>39.87</c06_valorPrincipal>
   <c14_dataVencimento>2013-10-02</c14_dataVencimento>
   <c16_razaoSocialEmitente>Ache Lab Farmaceuticos S.A.</c16_razaoSocialEmitente>
   <c18_enderecoEmitente>Rod Presidente Dutra,S/N,Porto da Igreja,Guarulhos,SP</c18_enderecoEmitente>
   <c19_municipioEmitente>18800</c19_municipioEmitente>
   <c20_ufEnderecoEmitente>SP</c20_ufEnderecoEmitente>
   <c21_cepEmitente>07034904</c21_cepEmitente>
   <c34_tipoIdentificacaoDestinatario>1</c34_tipoIdentificacaoDestinatario>
   <c35_idContribuinteDestinatario>
    <CNPJ>03533726000773</CNPJ>
   </c35_idContribuinteDestinatario>
   <c36_inscricaoEstadualDestinatario>00131948067</c36_inscricaoEstadualDestinatario>
   <c37_razaoSocialDestinatario>UNIMED CUIABA COOP TRAB MED</c37_razaoSocialDestinatario>
   <c38_municipioDestinatario>03403</c38_municipioDestinatario>
   <c33_dataPagamento>2013-10-02</c33_dataPagamento>
   <c05_referencia>
    <mes>08</mes>
    <ano>2013</ano>
   </c05_referencia>
   <c39_camposExtras>
    <campoExtra>
     <codigo>17</codigo>
     <tipo>T</tipo>
     <valor>35130860659463000191551000006635641199784150</valor>
    </campoExtra>
   </c39_camposExtras>
   <c42_identificadorGuia>1310135555</c42_identificadorGuia>
  </TDadosGNRE>
  <TDadosGNRE>
   <c01_UfFavorecida>MT</c01_UfFavorecida>
   <c02_receita>100099</c02_receita>
   <c25_detalhamentoReceita>000022</c25_detalhamentoReceita>
   <c27_tipoIdentificacaoEmitente>1</c27_tipoIdentificacaoEmitente>
   <c03_idContribuinteEmitente>
    <CNPJ>60659463000191</CNPJ>
   </c03_idContribuinteEmitente>
   <c28_tipoDocOrigem>10</c28_tipoDocOrigem>
   <c04_docOrigem>000663523100</c04_docOrigem>
   <c06_valorPrincipal>24.53</c06_valorPrincipal>
   <c14_dataVencimento>2013-10-02</c14_dataVencimento>
   <c16_razaoSocialEmitente>Ache Lab Farmaceuticos S.A.</c16_razaoSocialEmitente>
   <c18_enderecoEmitente>Rod Presidente Dutra,S/N,Porto da Igreja,Guarulhos,SP</c18_enderecoEmitente>
   <c19_municipioEmitente>18800</c19_municipioEmitente>
   <c20_ufEnderecoEmitente>SP</c20_ufEnderecoEmitente>
   <c21_cepEmitente>07034904</c21_cepEmitente>
   <c34_tipoIdentificacaoDestinatario>1</c34_tipoIdentificacaoDestinatario>
   <c35_idContribuinteDestinatario>
    <CNPJ>03119609000253</CNPJ>
   </c35_idContribuinteDestinatario>
   <c36_inscricaoEstadualDestinatario>00131760637</c36_inscricaoEstadualDestinatario>
   <c37_razaoSocialDestinatario>DISTR BRASIL MEDIC LTDA</c37_razaoSocialDestinatario>
   <c38_municipioDestinatario>08402</c38_municipioDestinatario>
   <c33_dataPagamento>2013-10-02</c33_dataPagamento>
   <c05_referencia>
    <mes>08</mes>
    <ano>2013</ano>
   </c05_referencia>
   <c39_camposExtras>
    <campoExtra>
     <codigo>17</codigo>
     <tipo>T</tipo>
     <valor>35130860659463000191551000006635231033647584</valor>
    </campoExtra>
   </c39_camposExtras>
   <c42_identificadorGuia>1310135555</c42_identificadorGuia>
  </TDadosGNRE>
  <TDadosGNRE>
   <c01_UfFavorecida>MT</c01_UfFavorecida>
   <c02_receita>100099</c02_receita>
   <c25_detalhamentoReceita>000022</c25_detalhamentoReceita>
   <c27_tipoIdentificacaoEmitente>1</c27_tipoIdentificacaoEmitente>
   <c03_idContribuinteEmitente>
    <CNPJ>60659463000191</CNPJ>
   </c03_idContribuinteEmitente>
   <c28_tipoDocOrigem>10</c28_tipoDocOrigem>
   <c04_docOrigem>000663524100</c04_docOrigem>
   <c06_valorPrincipal>92.79</c06_valorPrincipal>
   <c14_dataVencimento>2013-10-02</c14_dataVencimento>
   <c16_razaoSocialEmitente>Ache Lab Farmaceuticos S.A.</c16_razaoSocialEmitente>
   <c18_enderecoEmitente>Rod Presidente Dutra,S/N,Porto da Igreja,Guarulhos,SP</c18_enderecoEmitente>
   <c19_municipioEmitente>18800</c19_municipioEmitente>
   <c20_ufEnderecoEmitente>SP</c20_ufEnderecoEmitente>
   <c21_cepEmitente>07034904</c21_cepEmitente>
   <c34_tipoIdentificacaoDestinatario>1</c34_tipoIdentificacaoDestinatario>
   <c35_idContribuinteDestinatario>
    <CNPJ>03119609000253</CNPJ>
   </c35_idContribuinteDestinatario>
   <c36_inscricaoEstadualDestinatario>00131760637</c36_inscricaoEstadualDestinatario>
   <c37_razaoSocialDestinatario>DISTR BRASIL MEDIC LTDA</c37_razaoSocialDestinatario>
   <c38_municipioDestinatario>08402</c38_municipioDestinatario>
   <c33_dataPagamento>2013-10-02</c33_dataPagamento>
   <c05_referencia>
    <mes>08</mes>
    <ano>2013</ano>
   </c05_referencia>
   <c39_camposExtras>
    <campoExtra>
     <codigo>17</codigo>
     <tipo>T</tipo>
     <valor>35130860659463000191551000006635241515692430</valor>
    </campoExtra>
   </c39_camposExtras>
   <c42_identificadorGuia>1310135555</c42_identificadorGuia>
  </TDadosGNRE>
  <TDadosGNRE>
   <c01_UfFavorecida>MT</c01_UfFavorecida>
   <c02_receita>100099</c02_receita>
   <c25_detalhamentoReceita>000022</c25_detalhamentoReceita>
   <c27_tipoIdentificacaoEmitente>1</c27_tipoIdentificacaoEmitente>
   <c03_idContribuinteEmitente>
    <CNPJ>60659463000191</CNPJ>
   </c03_idContribuinteEmitente>
   <c28_tipoDocOrigem>10</c28_tipoDocOrigem>
   <c04_docOrigem>000663525100</c04_docOrigem>
   <c06_valorPrincipal>6.47</c06_valorPrincipal>
   <c14_dataVencimento>2013-10-02</c14_dataVencimento>
   <c16_razaoSocialEmitente>Ache Lab Farmaceuticos S.A.</c16_razaoSocialEmitente>
   <c18_enderecoEmitente>Rod Presidente Dutra,S/N,Porto da Igreja,Guarulhos,SP</c18_enderecoEmitente>
   <c19_municipioEmitente>18800</c19_municipioEmitente>
   <c20_ufEnderecoEmitente>SP</c20_ufEnderecoEmitente>
   <c21_cepEmitente>07034904</c21_cepEmitente>
   <c34_tipoIdentificacaoDestinatario>1</c34_tipoIdentificacaoDestinatario>
   <c35_idContribuinteDestinatario>
    <CNPJ>03119609000253</CNPJ>
   </c35_idContribuinteDestinatario>
   <c36_inscricaoEstadualDestinatario>00131760637</c36_inscricaoEstadualDestinatario>
   <c37_razaoSocialDestinatario>DISTR BRASIL MEDIC LTDA</c37_razaoSocialDestinatario>
   <c38_municipioDestinatario>08402</c38_municipioDestinatario>
   <c33_dataPagamento>2013-10-02</c33_dataPagamento>
   <c05_referencia>
    <mes>08</mes>
    <ano>2013</ano>
   </c05_referencia>
   <c39_camposExtras>
    <campoExtra>
     <codigo>17</codigo>
     <tipo>T</tipo>
     <valor>35130860659463000191551000006635251616001952</valor>
    </campoExtra>
   </c39_camposExtras>
   <c42_identificadorGuia>1310135555</c42_identificadorGuia>
  </TDadosGNRE>
  <TDadosGNRE>
   <c01_UfFavorecida>MT</c01_UfFavorecida>
   <c02_receita>100099</c02_receita>
   <c25_detalhamentoReceita>000022</c25_detalhamentoReceita>
   <c27_tipoIdentificacaoEmitente>1</c27_tipoIdentificacaoEmitente>
   <c03_idContribuinteEmitente>
    <CNPJ>60659463000191</CNPJ>
   </c03_idContribuinteEmitente>
   <c28_tipoDocOrigem>10</c28_tipoDocOrigem>
   <c04_docOrigem>000663526100</c04_docOrigem>
   <c06_valorPrincipal>3.91</c06_valorPrincipal>
   <c14_dataVencimento>2013-10-02</c14_dataVencimento>
   <c16_razaoSocialEmitente>Ache Lab Farmaceuticos S.A.</c16_razaoSocialEmitente>
   <c18_enderecoEmitente>Rod Presidente Dutra,S/N,Porto da Igreja,Guarulhos,SP</c18_enderecoEmitente>
   <c19_municipioEmitente>18800</c19_municipioEmitente>
   <c20_ufEnderecoEmitente>SP</c20_ufEnderecoEmitente>
   <c21_cepEmitente>07034904</c21_cepEmitente>
   <c34_tipoIdentificacaoDestinatario>1</c34_tipoIdentificacaoDestinatario>
   <c35_idContribuinteDestinatario>
    <CNPJ>03119609000253</CNPJ>
   </c35_idContribuinteDestinatario>
   <c36_inscricaoEstadualDestinatario>00131760637</c36_inscricaoEstadualDestinatario>
   <c37_razaoSocialDestinatario>DISTR BRASIL MEDIC LTDA</c37_razaoSocialDestinatario>
   <c38_municipioDestinatario>08402</c38_municipioDestinatario>
   <c33_dataPagamento>2013-10-02</c33_dataPagamento>
   <c05_referencia>
    <mes>08</mes>
    <ano>2013</ano>
   </c05_referencia>
   <c39_camposExtras>
    <campoExtra>
     <codigo>17</codigo>
     <tipo>T</tipo>
     <valor>35130860659463000191551000006635261547275782</valor>
    </campoExtra>
   </c39_camposExtras>
   <c42_identificadorGuia>1310135555</c42_identificadorGuia>
  </TDadosGNRE>
  <TDadosGNRE>
   <c01_UfFavorecida>MT</c01_UfFavorecida>
   <c02_receita>100099</c02_receita>
   <c25_detalhamentoReceita>000022</c25_detalhamentoReceita>
   <c27_tipoIdentificacaoEmitente>1</c27_tipoIdentificacaoEmitente>
   <c03_idContribuinteEmitente>
    <CNPJ>60659463000191</CNPJ>
   </c03_idContribuinteEmitente>
   <c28_tipoDocOrigem>10</c28_tipoDocOrigem>
   <c04_docOrigem>000663527100</c04_docOrigem>
   <c06_valorPrincipal>2786.92</c06_valorPrincipal>
   <c14_dataVencimento>2013-10-02</c14_dataVencimento>
   <c16_razaoSocialEmitente>Ache Lab Farmaceuticos S.A.</c16_razaoSocialEmitente>
   <c18_enderecoEmitente>Rod Presidente Dutra,S/N,Porto da Igreja,Guarulhos,SP</c18_enderecoEmitente>
   <c19_municipioEmitente>18800</c19_municipioEmitente>
   <c20_ufEnderecoEmitente>SP</c20_ufEnderecoEmitente>
   <c21_cepEmitente>07034904</c21_cepEmitente>
   <c34_tipoIdentificacaoDestinatario>1</c34_tipoIdentificacaoDestinatario>
   <c35_idContribuinteDestinatario>
    <CNPJ>03119609000253</CNPJ>
   </c35_idContribuinteDestinatario>
   <c36_inscricaoEstadualDestinatario>00131760637</c36_inscricaoEstadualDestinatario>
   <c37_razaoSocialDestinatario>DISTR BRASIL MEDIC LTDA</c37_razaoSocialDestinatario>
   <c38_municipioDestinatario>08402</c38_municipioDestinatario>
   <c33_dataPagamento>2013-10-02</c33_dataPagamento>
   <c05_referencia>
    <mes>08</mes>
    <ano>2013</ano>
   </c05_referencia>
   <c39_camposExtras>
    <campoExtra>
     <codigo>17</codigo>
     <tipo>T</tipo>
     <valor>35130860659463000191551000006635271207019183</valor>
    </campoExtra>
   </c39_camposExtras>
   <c42_identificadorGuia>1310135555</c42_identificadorGuia>
  </TDadosGNRE>
  <TDadosGNRE>
   <c01_UfFavorecida>MT</c01_UfFavorecida>
   <c02_receita>100099</c02_receita>
   <c25_detalhamentoReceita>000022</c25_detalhamentoReceita>
   <c27_tipoIdentificacaoEmitente>1</c27_tipoIdentificacaoEmitente>
   <c03_idContribuinteEmitente>
    <CNPJ>60659463000191</CNPJ>
   </c03_idContribuinteEmitente>
   <c28_tipoDocOrigem>10</c28_tipoDocOrigem>
   <c04_docOrigem>000663528100</c04_docOrigem>
   <c06_valorPrincipal>4063.71</c06_valorPrincipal>
   <c14_dataVencimento>2013-10-02</c14_dataVencimento>
   <c16_razaoSocialEmitente>Ache Lab Farmaceuticos S.A.</c16_razaoSocialEmitente>
   <c18_enderecoEmitente>Rod Presidente Dutra,S/N,Porto da Igreja,Guarulhos,SP</c18_enderecoEmitente>
   <c19_municipioEmitente>18800</c19_municipioEmitente>
   <c20_ufEnderecoEmitente>SP</c20_ufEnderecoEmitente>
   <c21_cepEmitente>07034904</c21_cepEmitente>
   <c34_tipoIdentificacaoDestinatario>1</c34_tipoIdentificacaoDestinatario>
   <c35_idContribuinteDestinatario>
    <CNPJ>03119609000253</CNPJ>
   </c35_idContribuinteDestinatario>
   <c36_inscricaoEstadualDestinatario>00131760637</c36_inscricaoEstadualDestinatario>
   <c37_razaoSocialDestinatario>DISTR BRASIL MEDIC LTDA</c37_razaoSocialDestinatario>
   <c38_municipioDestinatario>08402</c38_municipioDestinatario>
   <c33_dataPagamento>2013-10-02</c33_dataPagamento>
   <c05_referencia>
    <mes>08</mes>
    <ano>2013</ano>
   </c05_referencia>
   <c39_camposExtras>
    <campoExtra>
     <codigo>17</codigo>
     <tipo>T</tipo>
     <valor>35130860659463000191551000006635281597555120</valor>
    </campoExtra>
   </c39_camposExtras>
   <c42_identificadorGuia>1310135555</c42_identificadorGuia>
  </TDadosGNRE>
  <TDadosGNRE>
   <c01_UfFavorecida>MT</c01_UfFavorecida>
   <c02_receita>100099</c02_receita>
   <c25_detalhamentoReceita>000022</c25_detalhamentoReceita>
   <c27_tipoIdentificacaoEmitente>1</c27_tipoIdentificacaoEmitente>
   <c03_idContribuinteEmitente>
    <CNPJ>60659463000191</CNPJ>
   </c03_idContribuinteEmitente>
   <c28_tipoDocOrigem>10</c28_tipoDocOrigem>
   <c04_docOrigem>000663529100</c04_docOrigem>
   <c06_valorPrincipal>1979.31</c06_valorPrincipal>
   <c14_dataVencimento>2013-10-02</c14_dataVencimento>
   <c16_razaoSocialEmitente>Ache Lab Farmaceuticos S.A.</c16_razaoSocialEmitente>
   <c18_enderecoEmitente>Rod Presidente Dutra,S/N,Porto da Igreja,Guarulhos,SP</c18_enderecoEmitente>
   <c19_municipioEmitente>18800</c19_municipioEmitente>
   <c20_ufEnderecoEmitente>SP</c20_ufEnderecoEmitente>
   <c21_cepEmitente>07034904</c21_cepEmitente>
   <c34_tipoIdentificacaoDestinatario>1</c34_tipoIdentificacaoDestinatario>
   <c35_idContribuinteDestinatario>
    <CNPJ>03119609000253</CNPJ>
   </c35_idContribuinteDestinatario>
   <c36_inscricaoEstadualDestinatario>00131760637</c36_inscricaoEstadualDestinatario>
   <c37_razaoSocialDestinatario>DISTR BRASIL MEDIC LTDA</c37_razaoSocialDestinatario>
   <c38_municipioDestinatario>08402</c38_municipioDestinatario>
   <c33_dataPagamento>2013-10-02</c33_dataPagamento>
   <c05_referencia>
    <mes>08</mes>
    <ano>2013</ano>
   </c05_referencia>
   <c39_camposExtras>
    <campoExtra>
     <codigo>17</codigo>
     <tipo>T</tipo>
     <valor>35130860659463000191551000006635291057460852</valor>
    </campoExtra>
   </c39_camposExtras>
   <c42_identificadorGuia>1310135555</c42_identificadorGuia>
  </TDadosGNRE>
  <TDadosGNRE>
   <c01_UfFavorecida>MT</c01_UfFavorecida>
   <c02_receita>100099</c02_receita>
   <c25_detalhamentoReceita>000022</c25_detalhamentoReceita>
   <c27_tipoIdentificacaoEmitente>1</c27_tipoIdentificacaoEmitente>
   <c03_idContribuinteEmitente>
    <CNPJ>60659463000191</CNPJ>
   </c03_idContribuinteEmitente>
   <c28_tipoDocOrigem>10</c28_tipoDocOrigem>
   <c04_docOrigem>000663530100</c04_docOrigem>
   <c06_valorPrincipal>90.71</c06_valorPrincipal>
   <c14_dataVencimento>2013-10-02</c14_dataVencimento>
   <c16_razaoSocialEmitente>Ache Lab Farmaceuticos S.A.</c16_razaoSocialEmitente>
   <c18_enderecoEmitente>Rod Presidente Dutra,S/N,Porto da Igreja,Guarulhos,SP</c18_enderecoEmitente>
   <c19_municipioEmitente>18800</c19_municipioEmitente>
   <c20_ufEnderecoEmitente>SP</c20_ufEnderecoEmitente>
   <c21_cepEmitente>07034904</c21_cepEmitente>
   <c34_tipoIdentificacaoDestinatario>1</c34_tipoIdentificacaoDestinatario>
   <c35_idContribuinteDestinatario>
    <CNPJ>03119609000253</CNPJ>
   </c35_idContribuinteDestinatario>
   <c36_inscricaoEstadualDestinatario>00131760637</c36_inscricaoEstadualDestinatario>
   <c37_razaoSocialDestinatario>DISTR BRASIL MEDIC LTDA</c37_razaoSocialDestinatario>
   <c38_municipioDestinatario>08402</c38_municipioDestinatario>
   <c33_dataPagamento>2013-10-02</c33_dataPagamento>
   <c05_referencia>
    <mes>08</mes>
    <ano>2013</ano>
   </c05_referencia>
   <c39_camposExtras>
    <campoExtra>
     <codigo>17</codigo>
     <tipo>T</tipo>
     <valor>35130860659463000191551000006635301172860931</valor>
    </campoExtra>
   </c39_camposExtras>
   <c42_identificadorGuia>1310135555</c42_identificadorGuia>
  </TDadosGNRE>
  <TDadosGNRE>
   <c01_UfFavorecida>MT</c01_UfFavorecida>
   <c02_receita>100099</c02_receita>
   <c25_detalhamentoReceita>000022</c25_detalhamentoReceita>
   <c27_tipoIdentificacaoEmitente>1</c27_tipoIdentificacaoEmitente>
   <c03_idContribuinteEmitente>
    <CNPJ>60659463000191</CNPJ>
   </c03_idContribuinteEmitente>
   <c28_tipoDocOrigem>10</c28_tipoDocOrigem>
   <c04_docOrigem>000663531100</c04_docOrigem>
   <c06_valorPrincipal>400.20</c06_valorPrincipal>
   <c14_dataVencimento>2013-10-02</c14_dataVencimento>
   <c16_razaoSocialEmitente>Ache Lab Farmaceuticos S.A.</c16_razaoSocialEmitente>
   <c18_enderecoEmitente>Rod Presidente Dutra,S/N,Porto da Igreja,Guarulhos,SP</c18_enderecoEmitente>
   <c19_municipioEmitente>18800</c19_municipioEmitente>
   <c20_ufEnderecoEmitente>SP</c20_ufEnderecoEmitente>
   <c21_cepEmitente>07034904</c21_cepEmitente>
   <c34_tipoIdentificacaoDestinatario>1</c34_tipoIdentificacaoDestinatario>
   <c35_idContribuinteDestinatario>
    <CNPJ>03119609000253</CNPJ>
   </c35_idContribuinteDestinatario>
   <c36_inscricaoEstadualDestinatario>00131760637</c36_inscricaoEstadualDestinatario>
   <c37_razaoSocialDestinatario>DISTR BRASIL MEDIC LTDA</c37_razaoSocialDestinatario>
   <c38_municipioDestinatario>08402</c38_municipioDestinatario>
   <c33_dataPagamento>2013-10-02</c33_dataPagamento>
   <c05_referencia>
    <mes>08</mes>
    <ano>2013</ano>
   </c05_referencia>
   <c39_camposExtras>
    <campoExtra>
     <codigo>17</codigo>
     <tipo>T</tipo>
     <valor>35130860659463000191551000006635311713636301</valor>
    </campoExtra>
   </c39_camposExtras>
   <c42_identificadorGuia>1310135555</c42_identificadorGuia>
  </TDadosGNRE>
  <TDadosGNRE>
   <c01_UfFavorecida>MT</c01_UfFavorecida>
   <c02_receita>100099</c02_receita>
   <c25_detalhamentoReceita>000022</c25_detalhamentoReceita>
   <c27_tipoIdentificacaoEmitente>1</c27_tipoIdentificacaoEmitente>
   <c03_idContribuinteEmitente>
    <CNPJ>60659463000191</CNPJ>
   </c03_idContribuinteEmitente>
   <c28_tipoDocOrigem>10</c28_tipoDocOrigem>
   <c04_docOrigem>000663532100</c04_docOrigem>
   <c06_valorPrincipal>716.26</c06_valorPrincipal>
   <c14_dataVencimento>2013-10-02</c14_dataVencimento>
   <c16_razaoSocialEmitente>Ache Lab Farmaceuticos S.A.</c16_razaoSocialEmitente>
   <c18_enderecoEmitente>Rod Presidente Dutra,S/N,Porto da Igreja,Guarulhos,SP</c18_enderecoEmitente>
   <c19_municipioEmitente>18800</c19_municipioEmitente>
   <c20_ufEnderecoEmitente>SP</c20_ufEnderecoEmitente>
   <c21_cepEmitente>07034904</c21_cepEmitente>
   <c34_tipoIdentificacaoDestinatario>1</c34_tipoIdentificacaoDestinatario>
   <c35_idContribuinteDestinatario>
    <CNPJ>03119609000253</CNPJ>
   </c35_idContribuinteDestinatario>
   <c36_inscricaoEstadualDestinatario>00131760637</c36_inscricaoEstadualDestinatario>
   <c37_razaoSocialDestinatario>DISTR BRASIL MEDIC LTDA</c37_razaoSocialDestinatario>
   <c38_municipioDestinatario>08402</c38_municipioDestinatario>
   <c33_dataPagamento>2013-10-02</c33_dataPagamento>
   <c05_referencia>
    <mes>08</mes>
    <ano>2013</ano>
   </c05_referencia>
   <c39_camposExtras>
    <campoExtra>
     <codigo>17</codigo>
     <tipo>T</tipo>
     <valor>35130860659463000191551000006635321436881118</valor>
    </campoExtra>
   </c39_camposExtras>
   <c42_identificadorGuia>1310135555</c42_identificadorGuia>
  </TDadosGNRE>
  <TDadosGNRE>
   <c01_UfFavorecida>MT</c01_UfFavorecida>
   <c02_receita>100099</c02_receita>
   <c25_detalhamentoReceita>000022</c25_detalhamentoReceita>
   <c27_tipoIdentificacaoEmitente>1</c27_tipoIdentificacaoEmitente>
   <c03_idContribuinteEmitente>
    <CNPJ>60659463000191</CNPJ>
   </c03_idContribuinteEmitente>
   <c28_tipoDocOrigem>10</c28_tipoDocOrigem>
   <c04_docOrigem>000663533100</c04_docOrigem>
   <c06_valorPrincipal>61.79</c06_valorPrincipal>
   <c14_dataVencimento>2013-10-02</c14_dataVencimento>
   <c16_razaoSocialEmitente>Ache Lab Farmaceuticos S.A.</c16_razaoSocialEmitente>
   <c18_enderecoEmitente>Rod Presidente Dutra,S/N,Porto da Igreja,Guarulhos,SP</c18_enderecoEmitente>
   <c19_municipioEmitente>18800</c19_municipioEmitente>
   <c20_ufEnderecoEmitente>SP</c20_ufEnderecoEmitente>
   <c21_cepEmitente>07034904</c21_cepEmitente>
   <c34_tipoIdentificacaoDestinatario>1</c34_tipoIdentificacaoDestinatario>
   <c35_idContribuinteDestinatario>
    <CNPJ>03119609000253</CNPJ>
   </c35_idContribuinteDestinatario>
   <c36_inscricaoEstadualDestinatario>00131760637</c36_inscricaoEstadualDestinatario>
   <c37_razaoSocialDestinatario>DISTR BRASIL MEDIC LTDA</c37_razaoSocialDestinatario>
   <c38_municipioDestinatario>08402</c38_municipioDestinatario>
   <c33_dataPagamento>2013-10-02</c33_dataPagamento>
   <c05_referencia>
    <mes>08</mes>
    <ano>2013</ano>
   </c05_referencia>
   <c39_camposExtras>
    <campoExtra>
     <codigo>17</codigo>
     <tipo>T</tipo>
     <valor>35130860659463000191551000006635331535886697</valor>
    </campoExtra>
   </c39_camposExtras>
   <c42_identificadorGuia>1310135555</c42_identificadorGuia>
  </TDadosGNRE>
  <TDadosGNRE>
   <c01_UfFavorecida>MT</c01_UfFavorecida>
   <c02_receita>100099</c02_receita>
   <c25_detalhamentoReceita>000022</c25_detalhamentoReceita>
   <c27_tipoIdentificacaoEmitente>1</c27_tipoIdentificacaoEmitente>
   <c03_idContribuinteEmitente>
    <CNPJ>60659463000191</CNPJ>
   </c03_idContribuinteEmitente>
   <c28_tipoDocOrigem>10</c28_tipoDocOrigem>
   <c04_docOrigem>000663535100</c04_docOrigem>
   <c06_valorPrincipal>8.28</c06_valorPrincipal>
   <c14_dataVencimento>2013-10-02</c14_dataVencimento>
   <c16_razaoSocialEmitente>Ache Lab Farmaceuticos S.A.</c16_razaoSocialEmitente>
   <c18_enderecoEmitente>Rod Presidente Dutra,S/N,Porto da Igreja,Guarulhos,SP</c18_enderecoEmitente>
   <c19_municipioEmitente>18800</c19_municipioEmitente>
   <c20_ufEnderecoEmitente>SP</c20_ufEnderecoEmitente>
   <c21_cepEmitente>07034904</c21_cepEmitente>
   <c34_tipoIdentificacaoDestinatario>1</c34_tipoIdentificacaoDestinatario>
   <c35_idContribuinteDestinatario>
    <CNPJ>03119609000253</CNPJ>
   </c35_idContribuinteDestinatario>
   <c36_inscricaoEstadualDestinatario>00131760637</c36_inscricaoEstadualDestinatario>
   <c37_razaoSocialDestinatario>DISTR BRASIL MEDIC LTDA</c37_razaoSocialDestinatario>
   <c38_municipioDestinatario>08402</c38_municipioDestinatario>
   <c33_dataPagamento>2013-10-02</c33_dataPagamento>
   <c05_referencia>
    <mes>08</mes>
    <ano>2013</ano>
   </c05_referencia>
   <c39_camposExtras>
    <campoExtra>
     <codigo>17</codigo>
     <tipo>T</tipo>
     <valor>35130860659463000191551000006635351127606858</valor>
    </campoExtra>
   </c39_camposExtras>
   <c42_identificadorGuia>1310135555</c42_identificadorGuia>
  </TDadosGNRE>
  <TDadosGNRE>
   <c01_UfFavorecida>MT</c01_UfFavorecida>
   <c02_receita>100099</c02_receita>
   <c25_detalhamentoReceita>000022</c25_detalhamentoReceita>
   <c27_tipoIdentificacaoEmitente>1</c27_tipoIdentificacaoEmitente>
   <c03_idContribuinteEmitente>
    <CNPJ>60659463000191</CNPJ>
   </c03_idContribuinteEmitente>
   <c28_tipoDocOrigem>10</c28_tipoDocOrigem>
   <c04_docOrigem>000663536100</c04_docOrigem>
   <c06_valorPrincipal>293.98</c06_valorPrincipal>
   <c14_dataVencimento>2013-10-02</c14_dataVencimento>
   <c16_razaoSocialEmitente>Ache Lab Farmaceuticos S.A.</c16_razaoSocialEmitente>
   <c18_enderecoEmitente>Rod Presidente Dutra,S/N,Porto da Igreja,Guarulhos,SP</c18_enderecoEmitente>
   <c19_municipioEmitente>18800</c19_municipioEmitente>
   <c20_ufEnderecoEmitente>SP</c20_ufEnderecoEmitente>
   <c21_cepEmitente>07034904</c21_cepEmitente>
   <c34_tipoIdentificacaoDestinatario>1</c34_tipoIdentificacaoDestinatario>
   <c35_idContribuinteDestinatario>
    <CNPJ>03119609000253</CNPJ>
   </c35_idContribuinteDestinatario>
   <c36_inscricaoEstadualDestinatario>00131760637</c36_inscricaoEstadualDestinatario>
   <c37_razaoSocialDestinatario>DISTR BRASIL MEDIC LTDA</c37_razaoSocialDestinatario>
   <c38_municipioDestinatario>08402</c38_municipioDestinatario>
   <c33_dataPagamento>2013-10-02</c33_dataPagamento>
   <c05_referencia>
    <mes>08</mes>
    <ano>2013</ano>
   </c05_referencia>
   <c39_camposExtras>
    <campoExtra>
     <codigo>17</codigo>
     <tipo>T</tipo>
     <valor>35130860659463000191551000006635361068463062</valor>
    </campoExtra>
   </c39_camposExtras>
   <c42_identificadorGuia>1310135555</c42_identificadorGuia>
  </TDadosGNRE>
  <TDadosGNRE>
   <c01_UfFavorecida>MT</c01_UfFavorecida>
   <c02_receita>100099</c02_receita>
   <c25_detalhamentoReceita>000022</c25_detalhamentoReceita>
   <c27_tipoIdentificacaoEmitente>1</c27_tipoIdentificacaoEmitente>
   <c03_idContribuinteEmitente>
    <CNPJ>60659463000191</CNPJ>
   </c03_idContribuinteEmitente>
   <c28_tipoDocOrigem>10</c28_tipoDocOrigem>
   <c04_docOrigem>000663538100</c04_docOrigem>
   <c06_valorPrincipal>760.30</c06_valorPrincipal>
   <c14_dataVencimento>2013-10-02</c14_dataVencimento>
   <c16_razaoSocialEmitente>Ache Lab Farmaceuticos S.A.</c16_razaoSocialEmitente>
   <c18_enderecoEmitente>Rod Presidente Dutra,S/N,Porto da Igreja,Guarulhos,SP</c18_enderecoEmitente>
   <c19_municipioEmitente>18800</c19_municipioEmitente>
   <c20_ufEnderecoEmitente>SP</c20_ufEnderecoEmitente>
   <c21_cepEmitente>07034904</c21_cepEmitente>
   <c34_tipoIdentificacaoDestinatario>1</c34_tipoIdentificacaoDestinatario>
   <c35_idContribuinteDestinatario>
    <CNPJ>03119609000253</CNPJ>
   </c35_idContribuinteDestinatario>
   <c36_inscricaoEstadualDestinatario>00131760637</c36_inscricaoEstadualDestinatario>
   <c37_razaoSocialDestinatario>DISTR BRASIL MEDIC LTDA</c37_razaoSocialDestinatario>
   <c38_municipioDestinatario>08402</c38_municipioDestinatario>
   <c33_dataPagamento>2013-10-02</c33_dataPagamento>
   <c05_referencia>
    <mes>08</mes>
    <ano>2013</ano>
   </c05_referencia>
   <c39_camposExtras>
    <campoExtra>
     <codigo>17</codigo>
     <tipo>T</tipo>
     <valor>35130860659463000191551000006635381847259384</valor>
    </campoExtra>
   </c39_camposExtras>
   <c42_identificadorGuia>1310135555</c42_identificadorGuia>
  </TDadosGNRE>
  <TDadosGNRE>
   <c01_UfFavorecida>MT</c01_UfFavorecida>
   <c02_receita>100099</c02_receita>
   <c25_detalhamentoReceita>000022</c25_detalhamentoReceita>
   <c27_tipoIdentificacaoEmitente>1</c27_tipoIdentificacaoEmitente>
   <c03_idContribuinteEmitente>
    <CNPJ>60659463000191</CNPJ>
   </c03_idContribuinteEmitente>
   <c28_tipoDocOrigem>10</c28_tipoDocOrigem>
   <c04_docOrigem>000663539100</c04_docOrigem>
   <c06_valorPrincipal>696.79</c06_valorPrincipal>
   <c14_dataVencimento>2013-10-02</c14_dataVencimento>
   <c16_razaoSocialEmitente>Ache Lab Farmaceuticos S.A.</c16_razaoSocialEmitente>
   <c18_enderecoEmitente>Rod Presidente Dutra,S/N,Porto da Igreja,Guarulhos,SP</c18_enderecoEmitente>
   <c19_municipioEmitente>18800</c19_municipioEmitente>
   <c20_ufEnderecoEmitente>SP</c20_ufEnderecoEmitente>
   <c21_cepEmitente>07034904</c21_cepEmitente>
   <c34_tipoIdentificacaoDestinatario>1</c34_tipoIdentificacaoDestinatario>
   <c35_idContribuinteDestinatario>
    <CNPJ>01206820001683</CNPJ>
   </c35_idContribuinteDestinatario>
   <c36_inscricaoEstadualDestinatario>00132070685</c36_inscricaoEstadualDestinatario>
   <c37_razaoSocialDestinatario>DISTR FARM PANARELLO LTDA</c37_razaoSocialDestinatario>
   <c38_municipioDestinatario>03403</c38_municipioDestinatario>
   <c33_dataPagamento>2013-10-02</c33_dataPagamento>
   <c05_referencia>
    <mes>08</mes>
    <ano>2013</ano>
   </c05_referencia>
   <c39_camposExtras>
    <campoExtra>
     <codigo>17</codigo>
     <tipo>T</tipo>
     <valor>35130860659463000191551000006635391403230500</valor>
    </campoExtra>
   </c39_camposExtras>
   <c42_identificadorGuia>1310135555</c42_identificadorGuia>
  </TDadosGNRE>
 </guias>
</TLote_GNRE>

